iteration,expanded_state,parent,action,generated_successors,frontier_before,frontier_after,explored,g,h,f
0,"((2, 3), <game.Grid object at 0x71c013923a40>)",None,None,"[(((3, 3), <game.Grid object at 0x71c013923bf0>), 'East', 1), (((1, 3), <game.Grid object at 0x71c013923aa0>), 'West', 1)]",1,2,3,0,0,0
1,"((3, 3), <game.Grid object at 0x71c013923bf0>)","((2, 3), <game.Grid object at 0x71c013923a40>)",'East',"[(((3, 2), <game.Grid object at 0x71c013923cb0>), 'South', 1), (((2, 3), <game.Grid object at 0x71c013923e30>), 'West', 1)]",2,2,4,1,0,1
2,"((1, 3), <game.Grid object at 0x71c013923aa0>)","((2, 3), <game.Grid object at 0x71c013923a40>)",'West',"[(((2, 3), <game.Grid object at 0x71c013923f20>), 'East', 1)]",2,2,5,1,0,1
3,"((3, 2), <game.Grid object at 0x71c013923cb0>)","((3, 3), <game.Grid object at 0x71c013923bf0>)",'South',"[(((3, 3), <game.Grid object at 0x71c013923ef0>), 'North', 1), (((3, 1), <game.Grid object at 0x71c013923f50>), 'South', 1)]",2,2,6,2,0,2
4,"((2, 3), <game.Grid object at 0x71c013923f20>)","((1, 3), <game.Grid object at 0x71c013923aa0>)",'East',"[(((3, 3), <game.Grid object at 0x71c0137401a0>), 'East', 1), (((1, 3), <game.Grid object at 0x71c0137402f0>), 'West', 1)]",2,2,7,2,0,2
5,"((3, 1), <game.Grid object at 0x71c013923f50>)","((3, 2), <game.Grid object at 0x71c013923cb0>)",'South',"[(((3, 2), <game.Grid object at 0x71c013923ef0>), 'North', 1), (((2, 1), <game.Grid object at 0x71c013923fb0>), 'West', 1)]",2,2,8,3,0,3
6,"((3, 3), <game.Grid object at 0x71c0137401a0>)","((2, 3), <game.Grid object at 0x71c013923f20>)",'East',"[(((3, 2), <game.Grid object at 0x71c0137402f0>), 'South', 1), (((2, 3), <game.Grid object at 0x71c013740410>), 'West', 1)]",2,2,9,3,0,3
7,"((2, 1), <game.Grid object at 0x71c013923fb0>)","((3, 1), <game.Grid object at 0x71c013923f50>)",'West',"[(((3, 1), <game.Grid object at 0x71c013923e30>), 'East', 1), (((1, 1), <game.Grid object at 0x71c013d471a0>), 'West', 1)]",2,2,10,4,0,4
8,"((3, 2), <game.Grid object at 0x71c0137402f0>)","((3, 3), <game.Grid object at 0x71c0137401a0>)",'South',"[(((3, 3), <game.Grid object at 0x71c0137406b0>), 'North', 1), (((3, 1), <game.Grid object at 0x71c013740770>), 'South', 1)]",2,2,11,4,0,4
9,"((1, 1), <game.Grid object at 0x71c013d471a0>)","((2, 1), <game.Grid object at 0x71c013923fb0>)",'West',"[(((2, 1), <game.Grid object at 0x71c013923b90>), 'East', 1)]",2,2,12,5,0,5
10,"((3, 1), <game.Grid object at 0x71c013740770>)","((3, 2), <game.Grid object at 0x71c0137402f0>)",'South',"[(((3, 2), <game.Grid object at 0x71c013740410>), 'North', 1), (((2, 1), <game.Grid object at 0x71c0137406e0>), 'West', 1)]",2,2,13,5,0,5
11,"((2, 1), <game.Grid object at 0x71c013923b90>)","((1, 1), <game.Grid object at 0x71c013d471a0>)",'East',"[(((3, 1), <game.Grid object at 0x71c013923e30>), 'East', 1), (((1, 1), <game.Grid object at 0x71c013740c80>), 'West', 1)]",2,2,14,6,0,6
12,"((2, 1), <game.Grid object at 0x71c0137406e0>)","((3, 1), <game.Grid object at 0x71c013740770>)",'West',"[(((3, 1), <game.Grid object at 0x71c013923f80>), 'East', 1), (((1, 1), <game.Grid object at 0x71c0137407a0>), 'West', 1)]",2,2,15,6,0,6
13,"((3, 1), <game.Grid object at 0x71c013923e30>)","((2, 1), <game.Grid object at 0x71c013923b90>)",'East',"[(((3, 2), <game.Grid object at 0x71c013740b60>), 'North', 1), (((2, 1), <game.Grid object at 0x71c013740d70>), 'West', 1)]",2,2,16,7,0,7
